id,name,sustainment
117081,java-name-types,0
138914,bpelscript-dltk,0
127640,kahmetalua,0
119334,cas-extend,0
151559,hadoop,0
162575,roadmatcher,0
161875,battlecode,0
161261,cucumber-maven-plugin,0
160738,blog_rhino,0
159013,deriv,0
155787,s3onstruts,0
154709,gitdemo,0
153989,city-of-heroes-ragdoll-editor,0
152573,jbitcollider,0
151908,skore,0
151769,suresk-apt,0
151589,szymon_zerg,0
150192,oddbeans,0
149213,maja_t372,0
146478,javaconcurrencyexperiments,0
146451,swtbot-examples,0
144770,bangla-dictionary-based-on-lucene-proximity-search,0
144763,folder-content-guard,0
144230,waterwolf,0
144135,android-mystats,0
143415,wickext-sample,0
142547,tadaret,0
141155,vuze-autoshutdown,0
140169,active-listening,0
183378,jsspec,0
175290,loopy,0
189414,dows,0
189282,fenggui,0
187412,Dynamic-Price-Demonstrator,0
186949,Calc,0
186163,ppj09_aw,0
186145,Knight,0
185163,Graphing-Calculator,0
184580,struts2-archetype-quickstart,0
184165,openid,0
182587,crater,0
182099,android-installer,0
181157,simple_filesharing,0
180848,m0dump,0
180319,dt-source,0
180299,alexqwe3-1,0
180272,zpp08,0
180195,netifera-samples,0
180117,nio-testing,0
179152,net.lecousin.webrank,0
179211,net.lecousin.web.search-0.1,0
165283,battlecode_grupa,0
191635,linkdroid,0
210289,SFonline,0
195046,webperf,0
214372,dojo-brasilia-espiral,0
213178,gavamail,0
213052,autorun,0
212290,chernoff-faces,0
212244,FreshMilkParsing,0
211139,goodevtest,0
210923,xwiki-selector,0
210515,weatherUI,0
210345,java-flare-client,0
209018,Adirondack,0
207716,glinda,0
207624,restlet-ldap-verifier,0
204906,oo-apt-registry,0
203576,formicid,0
203526,QuickLaunch,0
200264,java-calc,0
200083,java,0
198444,lucengine,0
198266,tcp-proxy,0
196529,Finding-the-Roots-of-Polynomials,0
197172,InputMethodTest,0
195762,DiscVac,0
195450,Tengoku,0
195170,restair,0
195144,peer_to_peer_courier,0
193939,selection,0
193872,cookbook,0
191909,homestyle,0
192534,Ghosthack,0
191723,OmniscientDebugger,0
191599,Dembra,0
190529,SVGPlanet-Flash,0
190176,kanji_input,0
209124,campus-shuttle-tracker,0
220620,uni,0
239868,word-list-processor,0
239385,frantic,0
238702,imagesorter,0
236784,btis,0
236505,webinterface,0
235396,gzip-filter,0
231928,HelloAndroid,0
231460,webflux,0
230253,Beverage-Machine,0
229876,JPiv,0
226547,SandyNURBS,0
225805,cesto,0
225186,StudentPRJ,0
225172,ChessGame,0
224809,jettyrunner,0
224606,jaqu_sample,0
224120,test1,0
220128,myTvShows,0
219666,aspectj-cobertura-example,0
217856,Secret-Code,0
217480,ParleyDroid,0
216220,helloandroid,0
245047,MapDroid,0
241284,GovSpendTrend,0
265758,Diara,0
264711,Diara,0
263707,AccelService,0
262659,SimpleWget,0
261860,MBeanToucher,0
261192,fontlinemetricsdump,0
260831,GraphDB,0
259450,scala-growl-sample,0
258897,java-sunlightapi,0
258388,KingBeeBallUtils,0
256062,freenet-facebook,0
257759,dragonj,0
257391,Tempo2Applet,0
255879,gsv,0
255704,commons,0
255623,Rayed,0
253012,openfire-logging,0
251249,ant_colony,0
250296,linesofaction,0
250279,merssi,0
250273,locomotive,0
248749,jTEA,0
248611,DroidBookmarks,0
247345,MetoChat,0
244880,Ant-Runner,0
243745,locaweb-frete,0
243606,fontheightregister,0
243602,fontheightdb,0
241604,IntraLibrary-Webct-Plugin,0
241116,fiascode-blog-examples,0
241032,gambler,0
240688,opendls,0
293434,maven-cuke4duke-skeleton,0
293211,java-pro,0
293043,harmony-socket-bug,0
292180,abstracta,0
291898,JavaIRC,0
291396,simuconomy,0
290662,Ha,0
290654,OpenChord,0
287482,regex-matcher,0
285633,wonka,0
283487,TestP,0
279447,gwt-drawing-ui,0
279020,KDE-TBX,0
278625,Java-Parser-for-C,0
275949,DKA,0
275292,soqgaoel,0
274057,tomahawk,0
272825,CastorRanker,0
271921,MyJavaPrograms,0
270593,jetty-setuid,0
266319,HealthWave,0
320994,CSC515HW3,0
307690,UMLet,0
322619,threading-test,0
322157,Paradigm-Test,0
320840,mfps,0
320563,telnechobot,0
319865,discovery,0
320338,sample-math,0
321170,funkyfactory-ui,0
319848,funkyfactory-service,0
319471,VendingKicker,0
317056,imbue,0
315462,jsoncss-java,0
314269,funkyfactory-service,0
313157,ldapcon2009-datanucleus,0
312659,ldapcon2009-apache-directory,0
312569,androidLife,0
311637,LT,0
307935,demo-caching-with-spring-aop,0
311064,caixa-eletronico,0
310061,medley,0
308952,humantime,0
307823,bummerbutton-bb,0
306329,animated_tile,0
306260,s2conAutumn,0
306176,Evaluation,0
306044,maps-for-america-epa-edition,0
306052,tic-tac-toe,0
305687,uddi,0
303710,selenium-html-client-driver,0
303689,FileTree,0
302304,dealornodeal,0
300359,GWT-Gadget,0
299245,irc-tts,0
298260,gcal2excel-console,0
296912,maven-build-example,0
296188,lump,0
293802,javax.activation,0
342040,pepr-framework,0
326890,VooFTPServer,0
350010,jist-swans-sommer,0
348150,Java-s-Linking-Model,0
347302,twitter_bot_gae_wicket_slim3,0
346802,s3cp,0
346363,store-plus,0
345347,guice-hibernate,0
344913,funkylogin,0
344351,JImageEncryptor,0
341694,script-engine,0
341031,Eight-Puzzle,0
340310,jpegtool,0
337852,YSLife,0
337399,Android-test-1,0
337369,QuickSettings,0
337292,wowunit,0
336206,TimeSheetManager,0
335828,ParsingMidlet,0
334329,stockchecker,0
332800,Pixemo,0
330138,ModificacaoXMLComDOM,0
330115,ManipulacaoXMLComDOM,0
326899,VooNetworkDemo,0
326880,kw3,0
326411,Janus,0
325755,useful_java_applets,0
324867,differential,0
324176,thetoddbot,0
323264,irc,0
339435,Google-wave-Wave-Live-Messenger,0
390018,nba-cctv-5-guide,0
375043,freepts,0
373871,jodconverter-test,0
357390,searchongreen,0
364407,Google-wave-Rssybot,0
426492,java-regex-tester-applet,0
426503,xslt-tester-applet,0
407821,5-in-line,0
451875,queue,0
444224,communex,0
454235,contrepeteur,0
453545,AT-plugin-custom-instance-editor,0
453537,AT-plugin-Mult-Dates-and-Extents,0
453528,AT-plugin-Import-Export-mult-date-extent,0
453165,Regex-Plugin-for-Eclipse,0
453161,Payroll,0
453159,ODump,0
453135,jLogics,0
453132,jHyperDoc,0
450763,Encryptor,0
450396,mockingbird,0
448838,NXJExplorer,0
447204,arbaro,0
447141,DemoIntent,0
446136,AT-2.0-extensions,0
444977,Orarend,0
442879,Voice-Karma,0
442592,etherpad,0
439895,performance-blog-code,0
439755,jsqueeze,0
439447,maven-archetype-nar-swig,0
439373,maven-archetype-nar-jni,0
437435,netention-old,0
431588,IRIS,0
431465,XBeanShell,0
419864,Streaming-Media,0
148841,bdcp,0
141738,hashcash,0
239415,surrealbot,0
220329,base64,0
216302,DDD,0
270968,maven-jbehave-skeleton,0
315747,chiba-core-sandbox-idega,0
311071,geosolr,0
302670,Mario-AI-Competition,0
341537,Math-With-GWT-,0
330141,ManipulacaoXMLComSAX,0
328414,ByzantineParkingLot,0
323724,odds,0
362283,Musique,0
358773,java-introspector,0
453195,LuxSDK,0
106082,android-apps,0
119104,p1,0
150949,coderetreat,0
144824,zipdirectory,0
244632,ThinkingInJava,0
290942,binT_v1,0
310751,rterm_softinput,0
300086,hibernate-tutorial,0
344593,signer,0
333978,java-sane,0
378353,siQuest,0
444102,dynaresume-blueprint,0
441987,F-Sharp,0
419563,winnercheck,0
394663,LessCssMaven,0
150292,blameitknowit,0
149197,kamil_zerg,0
146328,ourplace,0
189339,java-commander,0
165333,albhedroid,0
207739,Facebook-Notifier-for-Mac,0
206518,PasswordGen,0
304006,nonograms,0
355252,mdic,0
390309,RLLoteriaGen,0
374224,buzz,0
367824,LoanCalculator,0
121137,jnscm,0
156826,coilmaps,0
189449,jevent,0
225654,onejar-maven-plugin-issue15,0
254785,instrumentation,0
251625,PIXPDQSSLClient,0
250053,blowfish_encryption_example,0
243076,jersey-freemarker,0
303129,JUnitConcurrency,0
311995,school-planner,0
298435,banglasms,0
353632,android-typepad,0
334858,annomessage,0
328135,AdvancedCollectionsSamples,0
454146,Jampler,0
447191,Isolation,0
426537,tutorial-javaee6-first-project,0
134643,java-blackjack,0
122247,bean-loader,0
210953,DistributedKvs,0
354886,yuitest,0
364427,Simple-HTTP-Client,0
363803,CustomSMS,0
444152,jsf2-primefaces-upload-bug,0
443512,etherpad,0
153961,city-of-heroes-demo-editor,0
263122,OrdClock,0
315018,WebSharing,0
314555,gwt-autoconfig,0
305692,WebServices,0
297970,simple_java_json_parser,0
375214,maven-android-plugin-issue38,0
374791,JavaHack,0
441083,JPATestCase,0
436856,openlr.teleatlas-viewer,0
162888,digitalvideorecorder,0
187949,amqdemo,0
198271,web-test,0
193556,Blackjack,0
273738,mediaplayer,0
273510,Ice09_RequestMockClient,0
315735,ITS,0
306637,sandbox,0
387515,javaJo,0
386373,cctray-bamboo,0
372533,unnagroid,0
358837,SimpleChat,0
162864,reflectionutil,0
254496,Pecha-Kucha-Timer,0
322592,MarsRover,0
314265,hibernateDemo,0
102761,tweetpublisher,0
139564,junit-max-test,0
130797,spring-batch-crippling,0
149205,jarek_zerg,0
268541,commons-dbcp,0
339024,JarIndexer,0
330762,DukesAuction-1,0
132991,rulespec,0
141039,newsbot,0
252333,AnimePicker,0
288192,GGame,0
287205,Cassandra-Hadoop-BMT,0
276528,annotated-psave,0
296697,coding_dojo_atech,0
326340,SystemProperties,0
121580,jeveapi,0
183225,processing-osgi,0
198506,simple-db-example,0
292307,JTropy,0
311884,urlfetch,0
387117,mocksgs,0
449078,LeaseCar,0
443530,GuriPassword,0
437925,poker,0
138412,example-camel-jboss,0
226084,picocash,0
218486,progkompmk,0
273785,forkurs.ifi.uio.no,0
301490,git-demo,0
304259,L2J-GeoConv,0
332337,Maze,0
417810,pi,0
112645,nessaja,0
317845,cascading-batch-query,0
452460,Supra-Caelum,0
111602,balm,0
122302,kandidate,0
152377,openoffice,0
252476,Guardian-GWT,0
372456,GitTestProject,0
358346,Flash-Converter-for-UCM,0
262216,java-cloudfiles,0
335446,truedolist-java,0
144386,rogue-bytecodes,0
287462,ohmage,0
355637,pdbclient,0
374099,NeatTestSamples,0
359569,XML-Hasher,0
395091,BugTracker,0
257683,Mail-Client,0
389663,lejos-projects,0
369506,kith151,0
359432,factory-ui-core,0
129226,nu-tester,0
211218,redbelly,0
311969,ar,0
348486,org.eclipse.equinox.p2.autoupdate,0
403768,java-game-of-life,0
144603,limewire,0
305828,J2ME-Key-Tester,0
379270,javagems-examples,0
374095,NeatTestLib,0
123902,megaware_dataencrypter,0
155114,prima-prova,0
153214,battlecode,0
179732,mapcraze,0
306046,rotary_dialer,0
377665,DGA,0
315431,naver-english-dictionary,0
310254,hello,0
384714,evaericssonlcsw,0
372247,pilot,0
370013,mps.samples.plugin,0
142669,cdcms,0
221147,zephserver.java,0
265369,PFinance,0
240300,wiki-anon-edits,0
324981,TilePacker,0
376508,mullteatouch,0
375556,pro-forma,0
365581,code-retreat-reykjavik,0
142915,dhis2,0
140241,photopulse,0
419533,SpringIssue,0
379716,text2alarm-android,0
129084,socketspy,0
228764,processing-ruminations,0
355389,WorkloadGenerator,0
248249,simple-java-petrinet,0
369186,zkexamples,0
360200,examples,0
437521,aksunai,0
119217,sallenwilliams,0
207969,java-examples,0
262268,Mapper,0
252754,th01-convert,0
294129,hazelcast-tuplespace,0
351781,traclet,0
330749,in4301,0
379088,LANChat,0
356855,lemming,0
148870,andoid-andjizdenka,0
372670,android-integrationdemo,0
449443,DemoSQLite3,0
445148,jersey-netty,0
404347,maven-android-plugin-issue43,0
194432,dendryt,0
392126,Geez,0
144336,piespy,0
388698,HammingCodeApplet,0
206176,workspaces-plugin,0
257646,rzr-android-test,0
249148,JavaMEImageProcessing,0
345849,TaskTrckr,0
444258,voldemort-sets,0
393791,protobuf-java-serializable,0
219686,snake,0
311900,lang,0
342196,CPP_Screenshot,0
341731,CommandProxy-PluginSample,0
333302,termex,0
387164,sgs-maven-plugin,0
453817,PolynApp,0
198747,ggwol,0
243969,java_stuff,0
343747,spring-2.5-mvc-working,0
366081,mps.samples.typesystem,0
278602,FractalZoom,0
273503,Ice09_RequestMock,0
317478,Java-Screenlock-Detect,0
135664,gl-test,0
276849,tractis_identity_verifications_for_java,0
403199,camel-comet,0
436618,JMXRemote-JRE-1.3-support,0
356260,snakeFbGmSync,0
174537,t5ongae,0
358497,GoogleZipCode,0
209059,spring-batch-sandbox,0
374451,Opt,0
151092,avh4-util,0
448821,AlarmMe,0
215917,example-dwr-extjs,0
200743,flickr,0
453211,spring-xfire,0
111232,lookery-targeting-java,0
387432,Java2me-wbro,0
148932,fizz,0
332832,myconnector,0
403544,Talking-Browser,0
451008,orbisgis,0
340346,AppleSingleReader,0
338840,maven-gem-plugin,0
389412,VodafoneWidget,0
383006,BWAI,0
154232,infovis,0
341500,jedimage,0
337155,COJUG-OSGi,0
152106,battle_kropla,0
359430,factory-ui-git,0
146452,mygiglist,0
196272,thematrixtime,0
266163,github-contest,0
391072,OpenGLES02,0
186574,heatmap,0
330627,urtm,0
211813,seam2-test,0
351468,simple-perftest-appengine-java,0
189806,apache-tar,0
242694,findmyiphone,0
365612,ge_proto,0
394543,Towers-n-Slices,0
121418,tc-master-worker,0
201599,JDBM,0
250156,BuildApk,0
270551,visual-fortune-algorithm,0
254222,witchboss,0
106478,dummy-proxy,0
272314,loquake,0
251748,tsb0t,0
181879,test,0
363236,spikes,0
362372,composite-key-bug,0
301622,struts2-interceptors,0
393472,PastEasyIntelliJ,0
355601,wum,0
362559,FairlyComplexSyndication,0
146376,jhaml,0
208352,batoo-image,0
193022,Drawthing,0
313205,minnow,0
393705,tokenizer,0
190507,ode-ext,0
369420,samurai-online,0
220843,MatrixSample,0
401541,arahabika,0
346149,ltwitter,0
454701,jrobotx-http-client,0
236574,red5_webapps,0
447831,Truth-or-Dare,0
151697,httpservice-gitorial,0
242150,LivrosOnline,0
344715,JPlusPlus,0
365487,MusicPals,0
257206,grogramming_quiz,0
187810,IndexFailure,0
320210,AddressBook,0
183455,tomcatpolicyprotocol,0
376981,MARSUR,0
378133,java,0
320425,mobilebus,0
349149,weretwit,0
356995,ActiveMqTest,0
452968,eventServer,0
433420,chr-subsonic,0
246975,minglyn,0
299047,inflector,0
337132,jawr-example,0
413485,svntrunks,0
445844,AutoTweet,0
197955,peaks2kml,0
383770,chameleon,0
316178,groovy-dyna-class-gen-demo,0
296074,CompanyDemoOnGit,0
333261,dojo-brasilia-piratas,0
294568,Ravenous,0
161344,magic_bus,0
287737,SqlBuilder,0
273869,LunchOrderingFixtures,0
310099,code-coverage-example,0
331976,MPKParser,0
217710,Commander,0
107097,fj-yaml,0
256679,Krypsis,0
410260,kulerviewer,0
103024,titanium_tools,0
393588,pig-user-defined-functions,0
246351,ooclipse,0
365489,gittest,0
134563,everyblockmobile,0
225814,share-mac,0
142144,example-camel-jboss-spring,0
271669,joni-benchmark,0
438911,OnTarget,0
220248,Google-Map-for-Android,0
292586,aya,0
272440,cr-demo,0
301918,JavaBluetooth,0
385542,te,0
453444,camel-example,0
376427,Robot,0
159401,dsl4eclipse,0
319480,saml-sinatra,0
355344,AjaxMouse,0
113704,droidbus,0
232259,jindustry,0
347878,PhotoResizer,0
285877,reusable-renderers,0
330566,Encryption-Project,0
161795,vocalist,0
111548,hudson-s3,0
238254,jersey-stringtemplate,0
226720,ipd-evolver,0
128934,genable,0
260392,tc-timer,0
310601,GRUDU,0
114652,fido,0
316047,Programming-Game-AI,0
195738,Lanterna,0
147547,combine.cfc,0
200345,programa-bissecao,0
440890,OAuth-App,0
186888,hadoop-importer,0
255132,mbook,0
187820,hq-squid,0
108187,golfdroid,0
441573,commons,0
242643,mycheckstyleexperiments,0
317472,gigatron,0
221422,pos-core,0
224216,Hello-World,0
281626,SetupSU,0
219331,longcat,0
271935,portkeeper,0
403339,beanstalkj,0
211698,renderer-tutorial,0
180218,swyne-entity-indexer,0
287757,multithreadedtc-junit4,0
403980,Bookstore-Utility-Web-Desktop,0
382791,TrabalhoVC,0
316884,andSort,0
359212,dsl-samples,0
441802,CourseSystem,0
452247,Fauxlight,0
365366,crystalrudiments,0
214349,lapr4-gateway,0
444000,SensorNodeRouting,0
250929,groovy_expressions,0
253459,gwt-hibernate,0
343422,xmodem,0
162018,small_projects,0
248787,Yunoroid,0
280105,MarioArgAI,0
310734,spring-webmvc-exercise2,0
347085,RobotDF,0
117385,projetoanime,0
389466,Android-WSF,0
114772,jsecretsharing,0
146038,eclipsedesktop,0
226105,hudson-zabbix-plugin,0
347618,era-de-la-piedra,0
365264,CurrencyConverter,0
322612,bank,0
380702,CS640-P4,0
223592,Burp-Plugins,0
113356,tictactoe-rcp,0
446328,yooreeka,0
336910,sbADV_ST,1
260286,Guardian-Api-GWT,1
189888,MavenJRubyCucumber,1
217003,Live-Queue,1
140687,metrofinder,1
394891,org.abn.hopbot,1
169219,jax-rs-demo,1
390594,GeneOntologyTermsTree,1
359198,main-content-extractor,1
293618,HBaseBuilder,1
391071,DNSQuery,1
325924,keychain,1
343078,bdb-jni-alt,1
393305,PastEasyNetbeans,1
440969,SemanticJavaFlickr,1
396875,GitHubBot,1
156980,mikroprojekt,1
202790,RedNovember,1
159713,groovyjersey,1
245617,ana-mp,1
349704,android-applications-101,1
271844,sudoku,1
305482,android_examples,1
383187,xiss,1
381294,SimpleLisp,1
381173,Draughts---game-theory,1
99870,processing-library-template,1
208429,js-nuggets,1
159080,abc-example,1
331704,Go-javafx-inaoe,1
393539,TesteGit,1
328424,httpclient,1
212879,sdocgen,1
366671,delicious-api,1
278998,AjaxApp,1
250380,messagepub-java,1
242142,libnewicktree,1
372079,legacy-code-refactor,1
295548,CDKitty,1
159466,RPI-Grade-Tracker,1
420022,Test-2,1
141545,pmpp,1
419531,ExterminoidTest,1
383241,sdm,1
362455,CSC540BufferMgr,1
278204,GPStoKML,1
438080,TWIG,1
239878,lingo,1
134141,droidsample,1
372130,indoqa-wadldoc-maven-plugin,1
449494,moss,1
145647,jyp,1
243329,Syllabuzz,1
357472,ansiconsolelogger,1
345511,dtomanager,1
197724,java-document-based-application,1
275447,puzzlegame,1
187536,rcblue,1
369581,turing,1
314330,NetBeans-6.7.1,1
368429,rankit,1
104069,threadcontext,1
406152,SEPVectorQuantization,1
321049,sample-parse,1
333862,twitter_bot_gae_wicket,1
438278,paradis,1
305276,pax-flow,1
133977,jfexmpp,1
304453,pngquant-ant-task,1
442253,etherpad,1
369235,gwt2-mvn-bootstrap,1
269458,midlet_game,1
447136,DemoWidget,1
253180,spring-test,1
224445,TWApi,1
367095,net.webasap.maven.plugins,1
131467,cake,1
293594,cijug-cuke4duke-demo,1
442825,ideajettyplugin,1
408753,tim-clojure-1.0.0,1
375449,DCWaveRobot,1
372863,AndroidDump,1
122079,gmfs,1
318007,firesuite,1
234931,ine5625-lamport,1
410617,cdk-taverna,1
305071,Project2,1
292976,DesktopChecklist,1
336000,TestProject,1
134637,android-test-code,1
243632,Freereader,1
237900,version-control-systems,1
283575,general-jso,1
379546,quiz,1
317829,TagSoup-Webs,1
213058,integrate,1
226873,Fractal,1
248361,Splinter,1
213029,filesystem,1
441151,gwtbooka-old,1
267999,gwt-rest,1
235610,Latin-o-matic,1
315252,ecool_search,1
103333,gittest,1
452347,maven-tomcat-deploy-sample,1
307366,aprendendo-hibernatesearch,1
307364,aprendendo-solr,1
203596,WebTUnit,1
162506,iax24j,1
262302,HHPT-SearchServer,1
180199,jsonpp,1
136129,wicket-presentation,1
337529,AGVS,1
341621,jtaNew,1
388553,weld-perma-link,1
278812,bottom_line,1
244879,wesabe-tools,1
145043,tdd,2
240676,UML-Editor,2
347937,processing-renderer,2
288899,sudoku,2
315966,sshat,2
225027,hosts_maven_plugin,2
331627,Compiler,2
231348,kramer,2
276779,confluence-chat,2
376873,ClockTzWidget,2
183162,bowling-for-kevin,2
389755,old-spacenet-ardor1,2
309491,3DSchAPI,2
449470,MockingJavaFromJRuby,2
249902,android-air-hockey,2
276536,pmonteiroCMS,2
210046,initial_commit,2
261801,3-Widget,2
158305,eclipsecon09_components,2
267644,ruboto-irb,2
399266,hoasitereview,2
151360,myproj,2
163933,neoe-github-codes,2
192586,cs335FPSfacemapper,2
310962,bind-confwalker,2
322987,MIDP-inflater,2
315862,atomikos-essentials-3.5.8-osgified-sandbox,2
220881,Mabuse,2
230227,ep3-lucas-sergio,2
160293,ansicolor,2
199661,syncman,2
121731,selenium-box-agent,2
420080,AndroidAPITest,2
235772,jdbc-perf-wrapper,2
165484,jsp-guestbook,2
298670,androidDemo,2
156554,mobidentica,2
315668,spam-filter,2
390343,webacceptancetests,2
287818,Cuke4DukeCodebreaker,2
123485,miranda,2
187666,idea_cucumber,2
204462,SQLiteTest,2
378906,hudson-webhook,2
192918,HexAGone,2
277548,apcontrol,2
437039,assignment_2_da4124,2
409829,BinarySearchTree,2
300944,gwt-slideshow,2
163070,usage_record,2
135032,uib,2
408080,couchdb-charts-example,2
349373,BatallaNaval,2
180162,spring-example-gae,2
312646,glwfengine,2
391476,JDupeFinder,2
200976,Cat,2
420153,silly-rmi-chat,2
251820,uservoice-sso,2
337130,Aion-Extreme,2
356506,websearch,2
196471,staticaccess-detector,2
395580,hibernate1,2
451312,citron,2
162802,yardproxy,2
312801,js2j,2
377909,android-intent-test,2
293131,ods2csv,2
157255,java-quetico-trip-planner,2
178254,niconico-live-checker,2
449172,php-in-java,2
212692,FourInLine,2
392889,cue.language,2
153576,endeavour,2
248143,Zookeeper,2
385562,MyLanguage,2
155242,sunspot,2
104213,pushr-for-android,2
279028,The_Console,3
234654,ii2-gt-group-c,3
226101,hudson_erlcover_plugin,3
259206,custom-maven-plugin,3
234710,HockeyTourney,3
254091,firebrowser,3
140064,reliefmap,3
311500,debug-commons-java,3
437124,raytracer,3
240761,FirstAndroid,3
360926,jepisode,3
360068,jphysics,3
313848,workspace,3
372743,Sudoku,3
221798,jnperf,3
359528,CouchKit,3
281768,RecentFiles,3
342450,EnumBuild,3
404271,RTS,3
180320,jsp-quetico-trip-planner,3
390222,java_ide,3
293681,KonamiCodeListener,3
210271,grrs,3
345500,TvbaApplication,3
162393,tinycodereader,3
383985,FakeTickerConsumer,3
279972,connect-four,3
340433,uberunit,3
354711,msm-jackson-serializer,3
136112,lightier,3
345701,machina-java,3
404097,svenska-typer,3
366580,AgentFuzzyBoots,3
298509,terracotta-hibernate-sample,3
345025,Todoizer,3
273052,BallDefender,3
280471,nkomode,3
172081,campfirej,3
431639,log4j-test,3
314817,IntervalMap,3
239594,persistence,3
360728,MailEx,3
146848,semanticwebcode,3
304611,jersey-guice-example,3
257557,adito-VDA,3
390231,Queens,3
347219,CD_PacketRouter,3
386807,CrimeSweeper,3
314877,h1n1,3
199857,Analytics-Dashboard,3
208263,TAGProccessingSketches,3
297454,Ekonyheter,3
302530,dreadnought,3
272444,cr-light2d-pulpcore,3
297157,gmaps-portlet,3
188889,LHH,3
389331,Figurous_Server,3
298196,Orchestrator,3
292035,buglinky,3
412385,MobileTetris,4
374142,Avatar-Server,4
204368,CargoManager,4
300543,JEE-Data-Tier-Design-and-Implementation,4
249597,app-usage-collector,4
163140,abicloud,4
198510,chat_server,4
153848,c2,4
378393,yabe,4
107727,jboss-haze,4
324859,AA_Graph,4
264381,githubcomp,4
440833,lastfm,4
231057,yql-odt-generator,4
315717,sr4_roller,4
254282,Heart-Simulator-3D,4
356792,NASM,4
224257,tenderbase,4
186394,yammer4j,4
238843,mystery_hangout,4
177873,taak-meetkunde,4
272137,cashzilla,4
369772,spreadsheet-challenge-java,4
356793,BToolsParser,4
393009,JMaybe,4
203313,com.pb.testservice,4
302248,LegalityCheckerGui,4
164112,beehivedroid,4
357316,watchit,4
333730,hadoop-anagrams,4
217175,smsler,4
120446,jmpc,4
129871,lighty,4
289302,google_wave,4
254459,bioclipse.qsar,4
356448,PubLocator,4
146901,couchdb-j,4
450981,School-Mixer2,4
333518,sao-presentation,4
124236,bitbath,4
122211,tc-pipes,4
297398,tapestry-sax-parser,4
368837,JCL,4
297367,optipng-ant-task,4
295471,codejam,4
388718,Flickr,4
372746,siebel-on-demand-java-client,4
282755,GroovyUnitTesting,4
347339,PircBot-moosen,4
240707,icfp2009-momo,4
232046,dojoCounter,5
238395,BDCLogger,5
437311,Rowz,5
359235,osgiutils,5
392208,dbedit,5
115558,textproto,5
307362,aprendendo-lucene,5
355501,BugTracker,5
201418,WassrAndroidChannel,5
247842,msp,5
346019,wicket-groovy-demo,5
254464,bioclipse.rdf,5
313700,CSC515HW2,5
259675,DemoSensor,5
122292,gittest,5
315721,sample-json-parsing,5
378678,vraptor-mydvds-3.0.0-mongodb,5
303438,jpg2bts,5
374041,propdiff,5
264385,TomCatUdp,5
125599,android-nextbus,5
252750,TR4CE,5
105206,lighthouse-api-java-client,5
279081,frost,5
233274,android-sbanknotify,5
217643,OSGiVersioningTutorial,5
185432,simulator-simsalabim,5
207811,Jambase4J,5
453552,AT-plugin-Yale-custom-tasks,5
295822,maven-jbehave-selenium-example,5
146566,jotify,5
438837,desipandora,5
376943,GoSupport,5
269396,stack-timer,5
402297,android-example-wrug,5
165053,restlist,5
226961,OpenRock-Curling,5
202613,pvmd_4,5
357822,ode-smx-jug,5
361797,android-calculator,5
190602,javaCUDA,5
382277,erl4j,5
275443,timelogger,5
451790,DiyMP1,5
446820,CoffeeMonitor,5
269494,cv,5
143828,protocol-buffers-intellij-plugin,5
194039,Restobar,5
244887,calibratescreen,5
223970,asahiKawaii,6
360905,alphabeta,6
118052,eftepd,6
241349,revreg,6
105068,shellac,6
447597,aimlsp,6
195051,hq-couchdb,6
127013,http_mangler,6
390930,blog_decorator_pattern,6
385377,freelance,6
192601,backgammon,6
272948,jose-chess,6
409676,RhinoDroid,6
366336,GuitarAI,6
452398,FlexAntL10N,6
260606,JSmallLetter,6
278962,batteryalarm,6
407889,maven-android-parent,6
176906,appfuse-selenium,6
407872,maven-parent,6
256388,Lexiku,6
101815,flickr-uploader,6
252080,Haxer,6
202533,mus,6
445976,WhoSlowsBootTime,6
265373,RhinoBot,6
152930,andoid-andidos,6
382657,old-spacenet,6
160469,grails-optimiser,6
208099,RMUD,6
365174,myapp,6
108422,timer,6
171829,rendezvous,6
303136,artemis-calendar,6
101065,pcbe_bursa,6
367449,Puzzle,6
389794,darkstar-rpc,6
376199,Code-Orange,6
346081,donl,6
338134,Wivoxomat,6
357872,Wiki-XML-Creator,6
343562,jbf,7
381842,lamport,7
195175,battlecode,7
382150,Funky-Compiler,7
356798,copycat,7
281908,demojsf,7
347010,TSP-avalg-proj1,7
111417,jwalk,7
105538,crappe,7
173835,twitarr,7
364975,avro,7
179451,quiz1,7
258489,WinStoneUdp,7
143262,avow,7
281138,AnnounceOSC,7
252562,Test_Asterisk_CCT,7
272471,socialsite,7
240362,pomaid,7
149200,battlecode,7
314689,terracotta-ganglia-monitor,7
349131,WaveQype,7
436720,randomcode,7
351554,subdivision,7
325550,rttwt,7
411218,GLaDOS,7
101224,chat,7
376482,GeoEarth2,7
217544,satellite,7
311547,experiment,7
211199,p2demo,7
151086,aes-lucene-encryption,7
235116,untan-droid,7
190630,JOHN-Interpreter,7
264195,w-ide,7
210752,empireevolutionmanager,7
168889,ptool,7
385824,rmi,7
365454,vectorDeBit,7
377114,luadevtools,7
235122,gtestat1,7
198630,parcerable,7
419930,LucidDreamer,7
309053,redirector,8
203612,mvn2-spring-openjpa,8
198813,DonsProxy,8
107951,maximumlikelihood,8
374812,proto,8
341532,sandbox,8
317466,skoly,8
285820,cheat,8
224785,facile,8
222551,blancpandafx,8
224573,jung-test,8
390835,JayBot,8
380546,Vinlotteri3D,8
354231,polyglot-osgi,8
313192,plugins-example,8
312822,cucumber_mundojava,8
373004,JIntegration,8
349590,spina,8
434356,logback-feed,8
256504,spring-rabbitmq,8
234271,mix3_framework,8
356031,Chess,8
185458,kata,8
404009,Truss,8
332829,jira-links,8
196658,mocksStubsAndSpies,8
256392,novawar-wicket-racetrack2,8
245018,TravelTimeEstimate2Prediction,8
440452,brainfarm,8
394139,bowling-kata-java,8
241178,2u6,8
305383,springapp,8
175227,netifera,8
389891,droidex,8
339293,psi_bak,8
174735,processingprojects,8
306423,swarmdb,8
124294,festivoice,9
208654,ime,9
227399,mycitybikes-android,9
265791,Bibliometric,9
121024,mocktesting,9
181581,cs224nassignment2,9
330621,jgit,9
329018,WireworldEvolver,9
441724,jNote,9
140407,nuggetdb,9
335491,charon,9
370425,JAVAGE,9
211201,rest-summit-demo,9
277482,ARTouch,9
366255,spring-sec-demo,9
272448,cr-network-service,9
336363,rest-client,9
372412,MarsRover,9
387562,OpenIdGwtAppEngine,9
372457,ip_project,9
193590,exemplo,9
411732,OpenAmplifyClient,9
299130,demo-caching-with-aspectj,9
192677,wakeup,9
161704,kuulabotti,9
191524,Techmeetup-Site,9
148317,osgidemo,9
379719,RequestSpy,9
156473,first_android_experience,9
449387,WatchWatch,10
319031,YoDaFunkta,10
299509,Mancala,10
302362,MTGCardLegalityCheckerTests,10
363739,VirtualBoxVMService,10
302245,MTGCardLegalityChecker,10
281519,eclipseos,10
154186,battlecode-firejump,10
167642,ruby-processing-plugin,10
293214,HelloWorld,10
256037,antlrgentoodeps,10
238270,euclidstand,10
298316,jsmaa-dd,10
336724,frameworks_base,10
236874,Gruppentestat-GruppeC,10
310805,DropList,10
349357,Confluence-Socialcast-Plugin,10
277061,pseii,11
340262,jDSVUploader,11
203906,si-hibernate-adapter,11
408809,posterizeme,11
224074,appengine,11
323915,labs,11
185820,OABFP4J,11
379650,sample-portlets,11
247375,java-gametemplate,11
222476,AlcoholicTrainer,11
123572,wsd,11
238413,bits4j,11
128045,exceptional4j,11
243690,GrowlQueue,11
345122,jywrapper,11
437402,AndroidSamples,11
423324,cdn-tags,11
149558,wklejorg,11
313077,spring-webmvc-exercise4,11
452805,bowling-bdd-java,11
133271,ealing,11
316548,android-eth-sms,11
453338,infero,11
448882,defac,11
347176,Translabot,11
110315,airplane,11
175376,smython3,11
267597,bikemap,11
378287,Facebook-Project,11
417396,icp,11
155001,searchengineserver,11
155004,searchengineclient,11
226664,Hello-Java,11
369702,chord,11
219184,sapient,11
200151,BombButton,11
305072,CS640-P1,12
319227,spring-webmvc-exercise5,12
270559,bbicon2,12
185010,jsp-music-catalog,12
301294,ditspatch,12
232356,VaadinComponents,12
383500,dopplecimmy,12
364819,javascreepy,12
277366,cistern-log4j,12
311782,jogodavelha,12
367966,sunriser,12
343861,Exiftool,12
361454,Final_NPDP,12
245020,ICFP-09-Contest---Frantic,12
350244,minicurso-completo,12
350239,minicurso,12
352099,scs-trab1,12
326281,DataSimulation,12
450351,Test,12
122569,dash-java,12
417435,hData-tests,12
153571,maven-oc4j-plugin,12
274966,antipasto_arduino_plugins,12
453642,ci-build-monitor,12
333270,fltr,12
152280,battlecodesid,12
396146,biketripblog-client,12
381752,bwapi-proxy,12
359257,mines,12
192711,pong,12
201857,Sierpinski_Gasket_Chaos_Game_Java,12
235032,compile_demo,13
152608,shortcuts,13
117970,lan,13
245162,slm4j,13
293155,theWE-puma,13
149202,battlecode,13
376601,ddd-toolbox,13
123663,trafficsim,13
116166,haga,13
327362,KnotsGM,13
228421,StatsViewer,13
165124,pvmd_3,13
207325,hpccmonwidget,13
334112,DroidStats,13
394804,escalonamento,13
325699,PreparedEval,13
185406,FPGA-la,13
151337,battlecode,13
348371,cs640-p3,13
149195,team372,13
295482,AdMan,13
128855,blob,14
215861,Simple-Unit-Converter,14
296861,batesmaster,14
215138,Ice09_GoogleSpreadsheet,14
295895,Hafnium,14
374303,CalTel,14
275000,lunch_java,14
261059,reallysqs,14
446342,LibraryManager,14
193763,frama-c-eclipse,14
371435,sembebidos,14
382160,Math,14
103985,jedomenon,14
261746,bussr,14
229633,blancpanda.fx,14
148682,interpreter,14
424842,footballmonkey,14
387268,Biograf,14
371670,MeetroDC,14
114865,exchange,15
374686,booknotes,15
295104,NetSim,15
405657,jAzConector,15
182362,cs227b,15
321264,GoogleSiteRssGen,15
129081,complainatron-client,15
222730,JsTestDriver,15
263309,eclipse-osc,15
314362,sg09-demo,15
396011,DeCentChat,15
214392,jws-feedtask,15
186107,HMM-POS,15
238660,hflab-test,15
150850,instant-ws-example,15
115737,edu-tortue,15
444507,javaSudoku,16
344016,DateEngine,16
150091,bc,16
272443,cr-light2d-demo,16
295453,Sudoku,16
450100,aksunai,16
167694,cargo-maven2-plugin-db,16
128809,plstom,16
172825,android_game_examples,16
161826,tuple,16
394688,jgit-simple,16
169470,kaffetris,16
427629,Team-1261---Java,16
314222,Ferret_on_DB,16
384638,Security-Project-2,16
166091,grupa,16
276051,Mario-AI-Competition-2009,17
339463,Android-Terminal,17
295892,osgi-webapp-simple,17
417695,AVLTreeProject,17
272451,cr-pulpcore-desktop-demo,17
350979,stuff,17
180636,edu-rmiage,17
231308,Apollonius,17
216809,FAT-Free,17
254650,fluid,17
104694,spring-hibernate-startup,17
440300,speedchart,17
448039,ReservationPortal,17
311600,SchApi3Dclient,18
150765,camsudoku,18
362418,cimgym,18
337582,earley-parser,18
184913,algorithm-theory-lab,18
313219,footprints,18
302773,java-zipper,18
356512,basic_torrent_sim,18
241654,Droidsweeper,18
448557,android_todo,18
139882,kilim-osgi,18
364924,sudoku,18
109360,jnizon,18
275774,yesrpx,19
332639,GUI-client-for-google-Wave,19
448653,workflow,19
293720,picmover,19
322188,act-demos,19
453587,XmlRpcTesting,19
343475,KEMS,19
116247,micromessenger-core,19
302063,Research---Development--JEE-,19
359856,bbc-shindig-example,19
311721,DatasetCreator,19
446743,CardTactics,19
323297,generator-example,19
319813,tohu-generator,19
369174,Orange,20
385792,nestor-flex,20
378772,JTorController,20
319304,WikiNews,20
247743,EclipseMode,20
128847,jsonformatterplugin,20
156490,svnkit-logdir,20
367645,goos-code,20
186850,Filer,20
129103,iflex,20
203015,jsptag-blocks,20
302393,BB-Pink,20
442115,java-big,20
206219,ngus,20
380895,aiproj,20
207894,widget_catalog,20
317817,altlaw-extract,20
268075,Zombie-Nation,20
453283,m-parkimine,20
196139,argoumlAndromda,20
317415,POI,20
253556,jnetpipe,20
330554,raytracer,20
437443,fetch2me,20
369457,chord,20
312550,jpef,20
316012,GAEJWiki,20
198676,archiftp,20
344206,Testing-and-Debugging-JavaScript,21
246380,sqizi,21
447661,etherpad,21
341556,jgmailsync,21
214921,glm,21
218964,oauth-signpost,21
179523,controladorexames,21
244423,collect4j,21
447979,brainstorm,21
119313,harvard,21
303779,hippie,21
307149,SocialGraphExplorer,21
213234,ioke-couchdb,21
128196,xmlvalidator,21
291745,improving,21
359186,bites,21
255010,profiler4j,21
453978,repository-example,21
143397,decothread,21
218149,transita,21
282660,RTUpdates,21
372455,Flickroid,21
451978,TimesSSO,21
188770,scribe-log4j-appender,21
111361,booklouse,21
309747,Arkanoid,21
445481,google-reader-bridge,21
427623,msm-aalto-serializer,22
121740,jackoff,22
148102,ngrams,22
251378,crap4j-idea,22
204329,louhi,22
219952,inf2125_metadata-classifier,22
299015,lego_project,22
212915,quodroid,22
439143,Vacuum4,22
130467,filer-old,22
203619,apns4j,22
379545,me2day-underground-api,22
295694,clojureshell-maven-plugin,23
334647,bicing,23
268096,IntensiTemplate,23
349941,TDDC73,23
195667,DendrytAA,23
279792,AcSE,23
190744,wappy,23
295715,fxtweet,23
272392,Mario-AI-Competition-2009,23
320278,caracara-lib,23
370559,Team-Forming-System,23
111295,gt5,24
379160,noxit-security,24
109995,mpu-with-spring,24
253895,JBoard,24
447280,MenschAergerDichNicht,24
118714,lento,24
320996,course,24
247914,jee-learn,24
184094,geneticmidi,24
412327,android-alt-installer,24
114612,rtf-to-html,24
277808,Anthony-Robinson--Tic-Tac-Toe--CS300-,24
347993,ConfluenceJiraWM,24
198846,bdd_fit_library,25
365123,DistributedNetwork,25
144846,mylegislator,25
188704,my_legislators,25
374616,TDDC73-Projekt,25
122539,webbolo,25
149199,bcode,25
342898,SMBCIE-Mobile,26
279996,OCLator,26
433017,SolrDismaxCalibrationTool,26
449263,PlexRBAC,26
206310,webservices-commons,26
266166,pixillion,26
299260,intellij-generator-plugin,26
300261,born-again-snark,26
192762,xin_csc615,26
320112,medpub2csv,26
452748,jhproxy,26
350953,test-project,27
167661,aesexpress,27
255359,regex-tool,27
166013,tagging,27
439117,Notifications,27
160295,tictactoe-java,27
350627,ddd-ltw-spring,27
102819,cs480,27
221367,wringer,28
100873,ffckmembers,28
308469,Math-Robot,28
225052,maven-selenium-demo,28
272442,cr-light2d,28
308292,greendale,28
102890,esandroid,28
142990,exchange,28
248796,Parse4SJM,28
236297,Java.Cwiczenia-praktyczne,28
325537,Birds,28
299857,VocabularyUp,29
351831,Jade,29
451640,sic,29
315969,CSE2102,29
322460,doesmybumlookbiginthis,29
396051,harry,29
379933,StarcraftGP,29
214878,nuxeo-dm,29
214882,nuxeo-jsf,29
218203,rascal,29
315806,OpenLayers-RAP-Widget-Simple-Example,29
214890,nuxeo-services,29
449457,etherpad,29
238434,sprite-action-builder,29
359309,agile-stock,29
196056,AspectMocks,29
389082,cqrs-lottery,29
340875,dm2-poemspace-exporter,29
365802,bobosort,30
161827,tuple-ordered,30
438873,mbus,30
223468,facade,30
286330,Connect4,30
224593,WicketFace,30
116747,cs115,30
304085,jenkins-metricfu-plugin,30
158347,foreldrepengertest,31
191651,ozgevekent,31
154075,battlecode2009-hax,31
363606,factory-ui,31
285775,Lost-in-the-Space,31
368400,ogee,31
176687,jee-build,31
366464,Jobs-,31
216615,PssTrabalhoFinal,31
162503,foxesandrabbits,31
310060,seg2105_coursework,31
267002,javazoneexamples,31
314936,sms2blog-mobile-server,32
388365,kata,32
260323,java-utils,32
331817,Library,32
268742,autopair,32
113327,e4x-grammar,32
403107,bpmn2,32
431997,GoldenServer,32
448053,JPath,32
427763,Sawdust-Game-Engine,32
386302,java2scalaSamples,32
176651,playgists,33
395934,DroidCouchOld,33
207509,ioke-json,33
357341,network_challenge,33
192996,cucumber-eclipse-plugin,33
214254,QWeather,33
217329,GTranslator,33
173143,datamining-uff,33
394546,picsee,33
156819,candlelightproject,34
172625,ai_agentwork,34
377668,hData-building-blocks,34
450970,School-Transformers,34
355566,swtbotexamples,34
339176,jpf-mfa-sva-ixd-processing,34
254458,bioclipse.ds,34
117526,victoria,34
354534,arduino-oscope,34
210392,smart-ui-component,34
210380,smart-ui-component,34
282124,failure,34
447882,camp,34
300727,photofam,34
171651,swingbeanplugin,35
426769,WicketTasks,35
240222,scala-parallel,35
125397,groovy-typesheet,35
146934,jagsrolls,35
405794,ccmpagent,35
264453,JavaPlayground,35
145730,mail-speaks,35
252091,npanday-wix-plugin,35
129612,javaee-6-application,35
169797,cymple,36
150713,net.lecousin.media-0.1,36
343842,spring-on-GAE,36
245459,optimizeSpringHibernate,36
189911,ime,36
343324,groovybot,36
200076,code2code,36
351142,FilmProgram,36
261613,eucalyptus,36
171010,idc,37
348975,ics412,37
310362,gummyweb-archived,37
334944,svn-notify,37
181777,art-int,37
410508,TGNU,37
442769,nexus-toolbox,37
255798,amqp-spring,37
189940,ratatouille,37
440906,myHome,37
417251,2D_editor,37
285127,Virginia,38
275030,VM27,38
412170,azmail,38
344586,tdd_exercises,38
237762,CrossFire,38
357015,RP_Lab1,38
299584,loogle,38
369730,radioshark,39
408339,scribble,39
341225,Ebean-Examples,39
150714,net.lecousin.neufbox-0.1,39
195697,studium_info,39
248590,brightberry,39
364043,Java,40
392878,semanticWeb09-10,40
328772,GTrax,40
340716,twirtgrown,40
291563,android-browser,40
356782,Iron-Legends,40
337028,beastPlugin,40
328377,jvote,41
272434,cr-atlantis,41
333387,sdis,41
100425,rabbitosgi,41
391489,ptc,41
334385,UC-Team-Sweetness,41
450474,foafssl-samlredirector,41
309757,DistSys-Project,41
350796,datauri,41
255433,Akrasia,42
191424,GAE_Counter,42
322984,swing-revival,42
139061,simplenetworkvisualizer,42
120111,java,42
354348,Tetris,42
217657,rtd,42
160863,xmpp_bot,42
280573,barcodescan,42
426797,jdmc,42
183845,xmldsl,42
252178,twitter-stream,42
175958,w2touch,42
361661,UltimateRPS,43
214708,scum,43
145694,visualization,43
279122,jStatemachine,43
305349,osgi_in_practice,43
272436,cr-atlantis-opengl,43
227943,OSMConvert,43
128852,scriptlandia-r,43
177993,babble,43
437428,logger,43
176670,remotebattle,43
374277,swing-spreasheet-challenge,43
454044,aexlib,43
449714,autodroid,43
227932,HHPT-Datamodel,44
348751,cabs,44
444145,RandomAccessMachine,44
164217,flickrevents,44
380598,serial-server,44
335258,campfire-notifier,45
449251,Info_Moist_1_Splicer,45
283945,tdwtf-byoc,45
384371,stargame,45
375445,mule-transport-beep,45
357591,cs320tests,45
168490,touch-balls,45
449089,jripple,46
360838,bioclipse.social,46
148677,spicycrm,46
346367,Tortuga,46
347098,ZortSocket,46
383741,lossless-robust-data-hiding-scheme,46
318431,WhatsNoisy,46
114922,titi-ob1,46
144104,mips-emulator,47
166151,lang,47
379207,b10,48
202864,mp3tunes-android,48
354377,CS6240,48
369694,structuredchaos,48
298105,jrest-route,48
343913,ImmutabilityRefactoring.Tests,49
140279,code-katas,49
295321,smvc,49
437621,IntegerListInputFormat,49
262627,voronoi,49
451556,fileUploadServlet3JSF2,49
176317,webexperiment,49
114237,occyd-android,49
112008,cpe431,49
234365,jboss-qmf,49
287724,webcompare,50
180051,britely,50
170393,sic-assembler,51
293734,hadoopGIS,51
293198,iocor-stats,51
313189,osgi-framework,51
172512,potbs4j,51
170670,battlecode,51
168892,xmlrpc-chat,51
292028,github-contest-java,51
292710,status,51
131835,wormwood,51
263848,owlwg-report,51
316901,polymath,52
352125,wave-pick-several,52
312565,jds,52
254467,bioclipse.medea,52
279527,Othello,52
189767,MusicQuiz,52
366626,mdiser,52
227955,composite-pattern,53
193614,navigator,53
211115,thrudb-java,53
272453,pulpcore,53
191326,hudson-github-plugin,53
380231,jpdv,54
444058,GWTcraft,54
307454,Ushahidi_FrontlineSMS,54
343892,ImmutabilityRefactoring,54
127847,simpel,54
106549,wicket_sample,54
103279,psei,54
244222,ooc-frontend,54
299140,lilleoslo,54
225051,tic-tac-toe,54
270057,ebank,54
451470,nodeinfo,55
443806,OpenMuOnline,55
336418,CSE-360-Group-K,56
346311,PaperLess,56
292900,Boynas,56
120400,doit,56
239585,mappum-servicemix,56
384973,HeatMap,56
162941,spelltapper,56
150703,net.lecousin.framework-0.1,56
150711,net.lecousin.dataorganizer-0.1,57
143592,javarecord,57
245038,timjan,57
429619,unfactoredGameOfLife,57
291249,census_utils,57
299765,mysimpledb,57
308900,SMDBCIE-RSC,57
380218,Skrilla,57
358504,msm-xstream-serializer,57
345437,grippus,57
448389,dualnback,57
165069,x360mediaserve,58
277495,InvariantRepresentation,58
201907,liveTag,58
192486,srcrossroads,58
322819,Sistema-Biblioteca,59
247941,super-memcached-client,59
287887,supercheck,59
255262,nagios-wmi-plugin,59
172376,ewa_g67,60
238195,nexus-book-de,60
324016,openid4java-gae-hacks,60
214466,Kodkodi-Server,60
454777,SideOut,61
225935,live-server,61
214553,jruote,61
227921,HHPT,61
129452,stand-tab,61
102408,jgit-usage,61
227261,bayberry,61
197957,hudson-backlog-plugin,61
196214,zkgrails,61
417437,Working-With-Ontology,62
107589,jcollectd,62
234165,rrmobile,62
194995,restructor,62
160436,bob_lang,63
183819,ppj09_fd,63
229083,cubicex,63
215707,jiraldap,63
319267,Distributed-Observatory,63
161258,multitouchj-motej,63
269328,java-augeas,64
284255,SongScheduler,64
369361,KPLColor,64
319617,celluloid,64
266914,chesterfield,64
246775,Hudson-JDepend-Plugin,64
136055,gcl,65
281791,FactorgraphFramework,65
209568,gae_wicket_sample,65
296231,hospital-bugs,65
438773,EventBusExtras,65
222067,sawfish,66
207332,textrank,66
300322,twitterflow2,66
123941,emf-databinding-example,67
300083,java-dependency-unifier,67
314221,CSC515PROJECT,67
375811,swsyndication,67
237789,penguinsunbound,67
377123,PollingNetworkEnvironment,67
393399,djchord,67
197202,forkjoin,68
135606,swyne-crawler,68
198367,compilers,68
135403,jitertools,68
187419,YPPPP,69
153010,rednael,69
332429,WeiChi,69
172892,quercus-gae,69
318661,MapPINon_OSM,69
173899,ujo-feedreader,69
329912,commune,69
374359,AVP-TicTacToe,69
295486,hexadoku,70
284863,polimediacenter,70
193178,OC-Praktikum,70
217428,dtelectrics,70
319606,MarketSenti,70
352974,oauth_for_android,70
194121,ogc,70
154509,strutter,71
279719,zendesk-android-dropbox,71
229811,ubi,71
452861,gwt2-mvp-starter,71
412586,Kanabun,71
205005,stockholm,71
314334,artemis-calendar,72
139068,bandManager,72
388265,DroidCouch,72
445796,gwt2-maven-starter,72
199716,jotify,72
153877,multitouchj,72
161829,tuple-partial,73
220442,libvirtweb,73
195192,XMLEditor,73
179764,rvideo,73
340219,expressiveBDD,74
445996,aiontools,74
333256,git-demo,74
158538,ine5625-corba,74
272437,cr-chat,74
391838,RESTProvider,74
191228,scrumpoker,74
381732,parent,74
272449,cr-network-stream,75
184872,ANTLR-Precedence-Climbing,75
211506,integra,75
252822,sbt-eclipse-plugin,76
272447,cr-network-demo,76
278393,Gypsum,76
169088,jeffreyb,76
190394,object-browser,76
400991,TradeMarket-Analizer,77
223884,dynamicRepositoryBuilder,77
443943,litp,77
420100,OT2,78
359749,com.example.mail.buckminster,78
194949,genometools-java,78
299490,simplestorage,79
264460,jhcodes,79
452858,shoal_sandbox,79
365919,Grafipee,79
445773,ooksi,79
310375,flex,79
135006,cognet-client,79
293686,CS210,79
365695,msm-javolution-serializer,80
189004,hudson-windmill,80
377562,allwolf,81
384109,old-netention2,81
356157,Question_Box_Desktop,81
427812,Rivfader,81
366182,restbucks-java,81
304248,launchor,81
315742,thewe-clojure-relay,81
299838,Game-of-Honor,82
287221,srf_converter,82
206442,chemistry,82
361869,heuropt_09,82
209303,drools-assistant,83
136867,axis2,83
314722,xvantage,84
155213,kungpiler,84
394387,Ulysse,84
401092,sgs-server_ref-hooks,84
134662,service,84
181526,ggeve,84
348847,GuessWhat,85
336104,commons-math,85
206789,caststudio,85
229897,jwhat,85
227405,GeoCrawler,85
125952,emergency-pendant,85
355894,CloneGuard,86
447679,solr-spatial-light,86
252205,momonome,86
439580,eclipse_helpers,87
105125,billiard-sim,87
193365,structure-cdk-ng,87
348321,mm1,87
365703,hudson-pbuilder,87
300193,eecs393whiteboard,88
213714,TeamAvatars,88
259745,Machat,88
288560,surinx,88
387248,BlueJ-Projects,89
255460,psy-test,89
272445,cr-network,90
126508,course-archive,91
226351,GAE-Test,91
354066,bioclipse.blipkit,91
262051,jxydiff,91
136723,wifilock,91
390170,MapStoreWeb,91
369551,Pydev-Django-Extension,91
226639,iTunesHTTPd,91
121902,comp194ma,91
334669,rev,91
203304,PhotoCompass,92
338205,aic,92
189716,jbehave-i18n,92
306311,CompiladorADA,92
305226,Capstone,92
128704,com.thinkminimo.getopt,93
371080,gpb_play_projs,93
207810,maven-scm-provider-tfs,94
135566,alarming,95
169906,ma-arafah,95
272450,cr-pulpcore-desktop,95
266767,Hudson-BugGame-Plugin,95
370877,KanbanPro,95
375482,Eclipse-Closure-Compiler,96
437245,TesteJPA3,97
273843,TumblrWallpaper,97
250705,ArchiMate,98
197626,workspace,98
193990,pickup_and_delivery,98
272983,localsolr-locallucene-km,98
373278,govm,99
376614,JitaKyoei,99
241335,Heart-Simulator,99
366967,Source-Server-Manager,100
156711,hobbes,100
211617,exquisitusj2ee,100
290132,hongo-dbm,101
328569,feedle,101
374554,de.rub.hgi.nds.tgdh,101
286401,script-assert,101
128522,canyon,102
227043,bridge,102
330362,codecity,102
341717,DocuSearch,102
219537,moby,102
152231,bigbird,102
449246,motown,103
260241,Guardian-Api-Parser,103
119041,cascading.hbase,103
284179,android-alarm-button,103
205004,luaspot,105
362195,javacn,105
307032,blog-sandbox,105
300579,blokuzu,105
446781,osgi-kasse-example,105
204758,hadoop-scripting,105
338366,timetracking-jira-plugin,105
110070,dojo-brasilia-robosexploradores,105
344770,domain-driven-example-0,105
349602,HelloWorld,105
234943,spring-concurrency-test,106
152081,nereau_web,106
387642,Scripturelookup,106
275897,mvo_zircon,106
372755,jhttp,106
403065,JavaKusoCode,107
311226,doogal,107
160335,lastweek,108
180121,xml-slicer,109
345880,fu-berlin-pattern,109
158708,rsync4j,109
342702,Collection,110
266799,voyages,110
369042,Graylog-Android,110
319841,expressive,110
309459,micro_ada,111
118404,hadoop-collectd,111
112499,webyourmind,111
364566,plrutest,112
334382,scelita,112
119861,apes,112
437831,Really-Simple-XML,112
387356,WeTap,113
151505,jfx-presentation,113
270277,jgroups-android,113
232653,SCBCD-study-guide,114
193277,cant-remember-the-name,114
155497,log792,115
377773,g414-avro,115
339452,jvyaml-gem,115
311181,dproxies,115
442070,jsug-admin,115
381527,wmt-gae,116
454337,zmoauthprovext,116
182311,xnatfs,116
257635,gae_keynote,117
217555,OC-Praktikum-Gui,118
443134,ValueTable,118
272441,cr-geometry,118
366768,jgit-describe,119
276925,Scripts-and-Tools,119
306050,Prometheus,119
347013,mp2Dbuilder,119
334437,Roidcast,119
110046,distributed-bus-system,119
305169,yaqp,120
440347,nugoh,120
102405,fractal-melodies,120
389991,tt-stats,122
370249,as3-gnuant,122
139686,mockdbs,124
308584,AutoConference,124
155481,bozack,124
358204,ptMobile,125
121091,donut,125
234491,old_donut,125
197051,postgraduate,125
287985,mif-gaggle,125
214881,nuxeo-gwt,126
135230,tis,127
359624,mira,127
106625,dojo_crosswords,127
274157,ESJava,128
317273,lpr,128
173637,ginkgo,129
183745,dbpedia-clustering,130
364536,mappum-gui,131
343396,guice-restlet-gwt,131
194633,jms4cxf2,132
333357,decomposer,132
136116,infiniteworld,133
441648,kesinek,133
267102,borborema,133
409644,BarraCUDA,134
179642,gagarin,134
156254,jmcvideo,134
106294,bookkeepr,135
233362,wtf,135
180053,weblang_prj,135
359099,Jyazo,135
125384,json,135
240875,SMDBCIE,136
366363,knipsX,136
448077,lapin,137
366416,morobo,138
259501,AutoBox,138
172194,g_chess,139
334159,LJ_GridLocked,139
412308,JWHOIS,139
349838,j2me-polish,140
412314,JWHOISUTIL,140
376828,nimblesocial,141
122774,cascading.jdbc,141
440768,EvoPaint,141
218881,GooGrade,142
337054,FotoHook,142
229020,propertiescopymachine,143
390820,misc,143
332093,hpo,145
360691,ggp,145
334343,couchdb-mailer,145
407520,meshkeeper,145
176970,html_to_png_server,147
367688,mps.samples.architecture,148
148489,showtime,149
367780,nomidroid,152
444722,GeoUtils,152
122540,yrapi,152
394033,LL-1--Generator,154
233556,AlgorithmDesign,154
386614,brainburner,154
343729,Extensions2Services,154
336829,shoppinglist,155
344938,ByggBrekkCheck,156
328492,InfiniteCore,156
377215,xslpipe,156
312649,RB2FullBandPathing,157
163787,hazelcast-actor,157
251973,deliciousapi,157
154505,onthefly,158
292048,jotify,158
320317,jotify,158
325068,jotify,158
374775,jotify,158
193392,LJ_android,159
289975,TiledPresentation,159
173351,bdbdatastore,160
421058,Fire,160
371577,github-java-api,161
265414,airshowdatabase,161
150026,peleus,162
254113,OneWire,163
376944,codon,163
330043,qlog,163
442854,qnotes,163
279601,whitematter,163
312841,othello,165
232060,CarCosts,166
357827,tita,166
336865,ATechG2,168
306821,mobile-tank-game,168
454792,imgur-Uploader,168
182938,mandelbrot-java-applet,169
345597,Processing-command-line-arguments-in-Java,169
236239,springappengine,169
150798,mobilyrapp,169
253959,B-brains,169
403180,ShopDroid,169
262542,purple,170
325696,ribbonide,170
203380,dslbook,170
164219,open-experiments,171
313988,Fido,171
279216,despotify,172
445218,fuse.dbsynch.sample,172
140813,owlwg-test,172
340671,zkgrails-demo,172
371282,SwingCapture,173
345760,kangaroo,173
263192,AntRunner,174
373563,freenet-plugin-irc,175
352455,wellington-coding-dojo,175
224823,jlucidity,175
301083,eclipseplugins,176
319665,GAI,176
301497,beeno,178
110124,haus,178
110118,Causality-Extraction,178
190781,Ditaa-web,178
247396,moby-scheme,180
233547,aoi-Headless,180
228482,gitcc4j,181
176343,libqcw,182
364523,mappum-mule,182
130004,my-wallpaper,182
225561,qmfExample,182
342505,Globus-Security,183
244934,pvm,184
400493,jvm-verifier,184
236655,Cassandra,185
355682,nmagick,185
310693,chemface,186
453467,wagon-jetty,186
330160,wsht,187
336617,avro,187
156343,maven-yamlpom-plugin,188
362194,tag-routing,190
360340,Phone_donut,190
203874,generation,190
187704,bidragsveilederwebdriver,191
296105,evdev-java,191
440084,Doorduino,192
195627,sgs2,193
106945,ariel,195
222703,badminton-ladder,195
195978,joltpowered09,195
384759,SleepProxyService,196
382244,jpricoat,196
180083,diesler,197
127071,embedded_su4j,197
440850,uncover,199
298455,rmiviajms,199
345256,flazr,200
288088,PublicPixelMatrix,202
344422,HDFS-over-Webdav,202
191420,CompactHashMap,202
290031,JSONSerialize,202
347635,Lispy-Animator,203
284549,JFluidDB,203
315798,OpenLayers-RAP-Widget,203
298142,groovy-aop,203
347148,coed,204
243133,Mailerific,204
364046,Josh,204
405755,arduino,204
385351,GuriLib,204
202615,tst9,204
449007,jcalendar,204
372327,imok_android,204
196745,BarcodeScannerRCP,206
396012,arcwelder,206
155697,jsmoleditor,207
379850,sapon,207
170367,potsblitz,208
453578,pgovm,210
222419,rake-p5,211
259134,Space-Invaders-Enterprise-Edition,211
160650,tagloc,212
333588,jaala,212
289195,quant,212
325113,vuzitjava,212
224071,Viz,212
308908,pde-incubator-emfforms,214
304028,quantifyit,214
284642,CoreNewton,215
445674,test,215
189212,bolivar,215
231895,cs344_spring09_gui,216
194471,Inteligencia,217
375955,Sample-JEE6-Maven-project,217
291261,Infinite-Mario-Bros,217
292746,Steam-Starter,217
438100,nimbus_ezpz_ca,218
146333,pprog-smt,218
272571,opensourcedebuggingjava,219
354676,Jello,221
266414,jtalker,221
231849,sonofcim,223
104313,mcommons4j,223
272940,Batalha-Naval,223
256649,MapStore,223
454080,E-Hospital,224
376723,jclouds,227
104237,mongo-qa,228
393136,jstun2,228
336918,Tesla,228
419333,final_project,230
371559,dgAlert-Classic,230
216472,Zinfandel,231
239269,APN,231
304159,Java-Arduino-Prototyping-API,231
354539,java-rdfa-web,232
451170,LuceInIngresso,232
245346,Arcadia,233
337811,alex_shift_brite,233
245116,naca,233
230942,wmt,234
189428,action_by_name,234
449608,hadoop-cacti-jtg,234
316922,zoogas,236
387454,biomedcalib,236
211935,papyrus,237
442060,keygenapp,237
162529,QuantumDrive,237
125019,mmsocketserver_java,237
218914,Playground,239
220296,Task-Tree,241
448448,gpicker-netbeans,242
213245,Sonata,243
120190,accountbook,244
167699,opensourcedebugging,246
290421,Speed-of-Sound,246
136851,xbl,247
227176,smackx-pubsub,248
112788,sim,249
249445,cccp,250
452172,th01-convert,251
141513,coloumber,251
182379,maven-fitnesse,252
251765,bioclipse.bioinformatics,252
447852,android-jatts,252
258509,net.chrissearle-common,253
363519,JavaDemoCode,253
188349,laika-pixpdq-adapter,254
294638,spectrotune,258
334403,voidbase,262
222231,java-wsdecode,262
140663,tim-clojure-1.0-snapshot,262
394750,eventhorizon,263
105365,kaluana,264
363649,Calc3DSolids,265
347340,kwcTestRepo,266
327088,aion-emu-backup,269
388182,cassandra,269
142560,mmhttp,273
136275,georeport-android,273
285916,android-contactbackup,276
182019,arduino,276
237718,hq-dynomite,276
442098,e3db,276
417305,TwitterFollow,278
244061,hypclipse-plugin,280
227699,openfire-jboss-clustering,280
191514,Game-of-life,280
215110,tempered,282
255973,ereviewboard,283
409762,LED-display-driver,285
203331,ComboBoxEx,287
345230,applet-maven-plugin,288
365863,Scribe-log4j-Appender,289
211846,environmentcontroller,292
278593,jnapcsc,292
411866,RockPaperScissors,292
272776,java-mateview,292
362664,gather-camel,293
324449,concurrency-sandbox,294
259854,Android-Theme-ColorChanger,295
450906,whistler,297
224799,hadoop-wikimedia-fun,298
297596,Magritte,298
343996,gisgraphy-java-client,301
168535,area51,301
175659,sephiabot,302
254516,EightPuzzleSolver,302
342104,reactor,304
328500,ep-store,304
260785,java-superfeedr,305
198613,vanadis,306
417803,Security-Praktikum-WS09-10,307
187240,hangeulider,307
347825,yammer_android,308
321739,SmartFM-Mobile-Study-Dictionary,309
170764,dice-roller,310
237542,configurable-parallel-computer,311
373696,wooki,313
215276,google-wave-samples,313
327714,JTor,315
320242,ooc-legacy,316
362139,gather-data,318
225541,java_sinhalization,319
129492,scriptable-dataset,320
154078,dicom-storage-abastraction,320
298429,HughAI,320
138886,jetio,321
286756,Alternate-DfvJavaCtl,321
254186,five-server,324
223705,jcr-connect,324
318073,avro-maven-plugin,328
115126,metadator,330
281164,TahoeLAFS-android,330
376088,BrowserHook,332
442138,Ardor3D,332
384435,DynamOS,332
346538,screenterm,333
192905,Wokhei,336
347220,Wahlsystem,338
172187,onewire,338
133277,genetic-reanimation,339
435462,spring-mvc-tutorial,343
442425,Java-WebSocket-client,343
341904,jsvc,343
175401,jack-servlet,345
444959,com.depold.helpers,346
369155,OneSwarm-Community-Server,346
443465,5games5nights2009,348
402351,iniciando-com-vraptor-3,348
381446,eth-intervals-java,350
441713,g414-jackson,351
445876,hudson.irc.plugin.parser,352
452217,kite,354
294281,DUBwise-J2ME-Installer,355
191057,Document-Manager,355
294296,DUBwise-Download,355
242948,Cloud-Stenography,355
309306,utilities,355
218038,google-wave-robot-java-client,358
292646,jbehave-runner,361
143788,jsr308-maven2-plugin,363
369411,TerribleJavaTestingMadeGood,364
323694,KEMS,364
387184,ShotQuote,367
149511,fitnesse-rc,368
426603,exyoyaku-android,370
143796,pipe,370
383671,FaceGenMush,372
141842,fed4j,372
391895,untitled-web-framework,372
267277,dwr-toplink,373
380555,android-mobiletwincities,374
154500,struts2crudevolutiondemo,377
139443,lanciadelta,377
106284,mstest-plugin,377
291589,Spring-Integration-Sandbox,377
248449,boardgame,383
241728,karel,383
332715,ir_crack,386
332713,barndoor,386
332722,kidsclock,386
287390,niceurls,386
334561,Elevation,386
127017,buckley,386
218129,drools-twitter,387
452770,Virgill-Oferseon,389
309859,Loppiskartan,390
358249,further_java,390
299384,PanoView,391
446433,tardis,391
323433,hibernate-test,392
329102,shmrj,392
253297,mango,393
313135,org.symcomp.openmath,394
193671,fepss-rpc,395
293955,jmona,398
108204,keepscore-android,400
255545,opentox-compound,401
112153,rcputils,402
190569,ode-ext,402
245681,bundles,402
164629,SMSBarrage,403
160658,SMSMorse,404
220720,ymail-javamail,405
369639,grendel,405
193028,MoneyTracker,405
126939,spring-integration-sandbox,411
443125,brainfuck,412
182420,avant,412
165554,textorizer,413
263579,WikiShare,414
328546,android-international-prefixer,417
450786,java5_src,423
373989,LogMyLife,424
293448,behaviorismExamples,426
361032,reprap-firmware-fork,428
394179,kilim-erjang,428
389391,openlr.impl,430
108661,mdns-java,431
143822,jsr308-typestate-checker,432
403007,Drawing-machine,433
125634,nwsclient,434
402995,GoogleReaderForJava,435
447435,EncryptionService,438
405693,horarioVerao,439
398350,interpreter,440
235722,robattery,441
137865,glug,442
385687,jAppleMenuBar,443
262543,lasthbase,443
135022,aima,444
375132,standup-timer,448
313587,TwitterClient,448
162878,queryresultbuilder,448
151722,sturmunddrang,449
371063,spash,449
275455,android-squeezer,452
296002,tcgtug,453
312128,Ear-Trainer,454
200667,ulog-reader,457
110390,multitris,457
417414,oer_aggregatord,457
405479,definicao,457
348743,OpenComm,459
144795,hawthorn,460
409588,mortorq,461
162833,twitter,462
302727,yesepisodic,462
326774,aglue,469
357958,soatools,470
150015,dem,471
151622,chatbots-library,471
183154,objectiveclipse,471
247190,jxmlvalidator,473
296186,NearInfinity,473
382317,Swinedroid,475
266641,Tic-Tac-Toe-Homework,476
189014,shore,476
300043,vivae,479
445012,jparseopt,479
386546,cw-andtutorials,480
170216,latte,482
239862,spring-beans-injector,483
124701,6ccs3prj,483
386559,personalProjects,484
327424,Ushahidi_FrontlineSMS,487
240339,mpi-headers,489
262148,bummerbutton,490
327397,dbunit-runner-example,493
443785,imageassert,493
336720,xmlsanity,494
370653,spring-cli,495
325863,dbunit-runner,495
295079,wrox-pix-web,496
187717,cucumber-netbeans-plugin,497
215188,iterate,506
252033,yesmultimedia,507
294051,CxALite,512
367662,sonatype-archetype,516
161203,jbehave-br,517
342260,jmx2snmp,519
285570,iglaset,521
248742,Galaxina,522
182470,datecalc,522
359783,HBql,523
195202,scumd,524
298566,mop,524
162465,s2,524
245213,KSAT,528
340312,grrrowl,529
228273,skalch,532
171296,euphonia,532
230888,feedeo,533
245113,validation,534
160751,spring-context-analyzer,536
382702,dp-toolkit,536
241300,TouchscreenCoordinates,538
293672,Lakitu,538
220589,contractoid,541
417402,oer_recommenderd,541
251984,rapidandroid,547
229123,CronUtils,549
447786,MIPSsimulator,550
373552,ExcelTemplate,551
362114,gather-alert,554
352373,picking,557
362650,gather-forms,559
362090,gather-archiver,560
380821,AkkaExamples,561
138841,testplayer,563
151348,toodledo-java,563
186640,rate-limit,563
389744,androidtracks,566
183648,jugm-p2d,568
207434,jax,569
294888,studio2-rcp,569
109548,rsa-cryptosystem-education,570
227019,butler-io,570
226347,twphch,578
292387,sign-in-with-twitter,578
265624,MsLuvaLuva,581
204787,Sudoiku,581
183426,geosearch,584
156792,ecotone,584
363056,Fudge-Java,588
388892,Test,590
375818,Genus,596
232256,TASEAnalyzer,598
403222,WordnikAndroid,600
314462,JBomberman,600
168464,ttm4130,600
243779,RunME,601
269374,ruby-mine-settings,601
223910,badulik,603
293542,enclojure,604
353997,Hollywood,604
447121,hbase-dsl,605
194913,two-tiers-utils,606
169655,yestest,606
317267,aoi-addons,611
294575,nugramserver-clients,616
232762,incogito,617
163673,maven-hibernate-search,618
235076,mobile-campus-assistant,618
359406,Portal-DeBlock,619
365571,examples,622
129966,behaviorism,622
408744,launchpad,625
235511,gradleplugins,628
409167,lumberjack,629
150624,yespublish,630
226268,active-collections,631
382024,MultiMidiTouch,634
205714,hbase-schema-manager,635
291915,BusItLib,638
114055,javarebel-stripes-plugin,638
214278,mocha,639
142160,yeslib,640
252255,nzbclient,640
140561,yesnotify,643
238078,cassandra-old,643
254882,proxy-doclet,645
247267,yecht,649
135857,yesevent,650
357445,madgag-util,651
309260,pms,651
249681,egoweb,652
129244,jmlnitrate,657
390016,jocl-demos,657
222777,org.eclipse.mylyn.github,657
129157,yeswizard,657
129153,yesadmin,657
129146,yesvault,657
367907,REST-client,658
256985,marine-wireless-nmea-server,660
259389,gmftext,663
230947,vital,663
450385,mungbean,665
263408,SWEET-ExtGWT,665
405936,shttpc,667
366412,t5intro,668
213456,aspectwerkz,669
296076,radrails,671
231010,processingProjects,672
419886,aida,672
294857,secureftp,672
294760,studio2,673
124464,davexclient,675
321132,xins,681
119652,csys-michaelmas-2008-summative,682
405393,oldSocket,685
295984,rdt,686
380428,gitbar,696
451859,gaussian-primes,697
447705,Couverjure,698
361509,gather-commons,699
266457,RolandSPD11_JSynthLib,701
259199,Agile-2009-GWT-Demo,703
261181,fuse4j-hadoopfs,709
326736,maxlink,712
317246,MockNS,712
249823,roxappletbuilder,713
243772,IntensiGame,713
136276,tasktracker,713
339017,jrelax,714
446195,jmxmonitor,719
166400,art-exchange-manager,721
444906,android-ttTumblr,723
308887,NTUSCE,725
329503,moredread,726
168837,affinity-engine,727
365717,jspcompressor,728
340377,fitnesse-maven-classpath,729
214499,archive,730
168388,timeslice,731
242214,sideprojects,734
341366,SRV1ClojureConsole,740
326972,hadoop-0.20.1,742
437132,USB-Host,743
190782,SiteToolPlugin,747
389887,http-replay-bench,752
355568,cssembed,753
256252,Robot-Controller-Simulator,762
271180,caelum-fjxx,767
314597,processing,767
209367,smart-user,769
361830,drc,770
258231,2D-JOGL-Game-Engine,771
106292,bookkeeprxml,771
166334,enerate,779
389506,jocl,781
326588,Caas,784
153563,visualexprbuilder,785
349326,mule-examples,787
253609,maven-trap,788
319922,Arduino-Projects,792
148631,pikater,794
326154,BAI,795
377110,xor,800
306926,Skandium,800
143813,chat-server,806
143810,chat---client,806
255698,cash-desk,808
143814,chat-common,809
231196,zendesk-jira-plugin,809
436972,cubics,810
157710,java_fathom,811
226197,tomlib.java,816
226432,DBTimetable,819
280415,cwac-mmcursor,820
249855,opencredo-cloud-storage,820
196315,envi,821
311986,buildr-plugin,822
294365,ClusterControl,824
267354,cwac-thumbnail,835
313875,camel-twitter-demo,835
373453,availablelater,836
238425,MusicDB,839
329729,snax,846
241509,qpar,847
453940,twitter_geo_vis,847
255981,cwac-custmenu,848
255942,cwac-bus,848
255925,cwac-task,848
437043,ping-service,850
246452,RangeWalker,854
361498,jchronic,856
158012,aspen,856
355246,orchestrate,858
139944,cantoinput,859
317867,genie-connector,859
230363,CommandProxy,861
256081,vidtry,861
322258,metrics,862
357514,intercept,863
438636,scheduler,864
335141,hoptoad-notifier-java,872
110479,perforcecmsystem,873
372194,atomikos-demo,878
321772,Processing,880
440282,DesktopKit,882
342290,playclipse,883
140747,maven-training-samplegitscm,893
107934,animataplayback,897
364551,Android-AR-Kit,911
291454,junit-rules,915
380808,hellow_java,918
225045,gwt-mpv-apt,931
256664,Subs,934
245927,twitter-streamer,940
440622,opencredo-esper,942
284156,reddit-is-fun,946
264745,dyndelegate,947
264759,pool-ng,947
264752,bean-validator,947
390027,pocket-voa,947
395504,texdoclet,954
123984,slf4r,961
382148,geoip,964
236431,Portal-Gorillas,967
249245,matjakten,967
156813,tagriver,969
106996,pointfree-calculator,972
230394,pic2osc,973
242972,circuit-breaker,973
298028,csm,974
208032,hax,975
438064,standalone-war,975
221833,ratmine_bio_sources,978
331375,javaccng,986
272836,maven-xcodebuild-plugin,992
354769,Frogger,993
284649,java_actor,998
233209,DSS,1016
206472,alternet,1018
116547,cuke4duke,1028
312810,Dux-TestingFramework,1029
102235,blogbridge,1029
181948,octopus,1030
347933,PostgreSQL-Slow-Query-Log-Analyzer,1036
258549,Contacts,1037
370047,freehep-typed-properties,1040
204498,lego-sphere,1042
226542,SandpilesApp,1042
342114,bprimport,1045
236244,springextras,1046
378697,fairy,1047
265013,netbeans-php-enhancements,1054
284141,Android-TTSNotifier,1055
420039,Instruments,1061
339856,Spring-Integration-in-Action,1063
379182,android,1063
441165,DroidDice,1073
373915,g414-hash,1075
220312,feathers,1079
387153,maven-protoc-plugin,1079
205201,constretto-examples,1081
326802,Solandra,1082
277077,ashlar,1085
351697,mdbcore,1085
348680,snaptree,1089
186034,dynamo,1098
103035,red5-mavenized,1099
107721,springslim,1099
153115,idea-config,1110
164896,cascading.multitool,1113
239194,ccw.clojurecontrib,1115
278059,pico-webapp,1116
271459,DDS-Utils,1118
355687,Superuser,1118
405421,connectionPool,1121
108750,saliviewer,1122
127940,common-java-cookbook,1122
194028,personal,1127
288846,USB_Host_Shield,1128
174844,message_format,1129
255282,oemware,1130
258630,liquids,1133
120298,sitegrinder,1134
409756,easter_eggs_for_hibernate,1138
231344,example-webapp,1144
291544,SyncMyPix,1148
369807,maven-junit-plugin,1149
359141,Finance--HostedTrader,1150
349109,ToDo-List,1154
434943,My-Little-Scheme,1155
343761,http-esi-testbed,1156
366727,maven-nxj-plugin,1159
299953,jsocks,1159
181888,imagen,1160
287720,Alternate-XfoJavaCtl,1163
379420,starscream,1165
294787,sandbox,1168
363729,droid-fu,1181
306815,arterioj,1183
208107,SnarfNOAA,1187
341393,liverepl,1191
334986,WSXML,1192
127118,brainflow,1193
101253,android_utils,1194
215160,calopsita,1196
118293,language_game,1201
452066,eclipse-rcp-ejb-client-sample,1203
454682,Brion-Learns-OAuth,1205
311147,log4couch,1206
419413,NeoIO,1208
373790,jtimecalc,1211
277049,lawnbot400,1211
289875,Holophon,1215
119970,automata-hari,1218
327610,liferay-maven-sdk,1222
419428,indivo_client_java,1223
148799,sphereority2,1225
335684,jcm,1227
162020,gmaven,1245
329882,config-magic,1252
146053,reversehttp,1254
289393,Electronic-Discovery,1262
245442,agile-deploy,1263
388250,Cradiator-TeamCity-Plugin,1263
336780,Ferrous-Wheel,1271
444531,rainbowduino,1273
361300,phantm,1285
324985,mistletoe,1289
168634,camstream,1301
111782,wordsolver,1307
228800,ems-abandoned,1313
216046,pdf-plugin,1315
256282,scribd-plugin,1315
123218,apb,1318
237779,java-rdfa,1321
323078,MTFN,1322
365777,cw-android,1327
229820,jooc-legacy,1329
202950,docbook-plugin,1331
437945,java_tools,1332
162516,duper,1337
291242,cal10n,1338
257960,sessionfire,1341
139995,slimtimer4j,1344
338920,test-interface,1353
106161,pulsarhunter,1358
183566,jbookmanager,1363
199693,update.xam.dk,1375
379767,fmutils,1385
305067,browsermob-proxy,1389
136075,apacheds,1391
295310,uasniffer,1406
198732,sdaz,1406
287988,lessc2java,1411
384368,Bonsai,1411
211645,ant-doxygen,1412
278745,cw-advandroid,1412
235960,exifxsl,1414
347316,4store-java-client,1421
454290,logdoc,1426
177509,ouaudioapplets,1428
311097,campyre,1440
453129,jCalculus,1452
264110,TeaTimer,1458
210243,recommended-books,1458
135867,security,1462
188411,jackrabbit-importexport,1464
197740,libjsms,1471
332125,TC,1480
198573,timesheet,1502
152784,cascading.json,1502
364124,bvira,1504
258078,is.idega.block.agresso,1505
373081,CalculatorD,1517
378594,libsnmp,1521
378515,executable-war-sample-application,1521
378487,executable-war,1521
339359,trephine,1522
411311,maiden,1535
210626,JavaBeanstalkClient,1556
350699,traffic-simulation-java,1556
117618,vox-attendant,1560
347871,WSC09-Composition-System-Implementation,1560
182687,festivalsite,1563
119746,vox-mail,1563
221413,jshooter,1563
362503,zeitgeist,1568
390780,katas,1570
166698,valkyrie,1574
263611,KyoAni,1574
389242,gitant,1578
204934,TvSeriesNZB,1581
360739,oracle-schema-copy,1589
131460,jinterop-proxy,1590
121886,clo-jet,1601
314299,centrepoint,1609
426706,javasysmon,1613
257974,is.idega.webservice,1613
283199,lzma-java,1615
409631,mobileorg-android,1615
315033,smart-cms,1617
381918,rsstotwitter,1618
257400,harbor,1639
133602,patchy,1648
272095,jstryker,1649
384382,mrg-sandbox,1651
311975,combiner,1651
357527,WebfarmActiveDirectoryConnector,1652
223862,Newsclips,1654
191075,persistentmatrix,1656
251225,browserstats,1666
139632,tonepicker,1670
241217,testcase,1679
199737,mdb-postgresql,1679
435020,threadedtc,1683
281759,1xam,1687
453152,Mint,1696
313866,camel-twitter,1697
305664,rapa,1716
152134,edu,1718
217274,Better-Arabic-Reshaper,1721
149727,git-bamboo-plugin,1725
213401,askthedroid,1734
276256,congress-android,1738
217482,Anki-Android,1762
236807,VFLib,1765
349978,mechjack,1768
231834,viper-toolkit,1790
284990,spreadsheet-model,1796
333428,fpff,1798
327694,lesscss-servlet,1808
300631,CSSMin,1808
268137,CIIRShared,1809
119896,testdata-generator,1809
399553,birthday-greetings-kata,1810
288079,Samples,1810
119390,maven-training,1811
106230,blogbridge-utils,1826
254218,launssh,1828
248255,jxirr,1830
270949,DUBwise,1833
206946,Pomodoro,1840
296821,attic,1848
275576,twitlogic,1862
220806,java,1863
350425,johnragan_org,1864
132970,Charrasca-Project,1864
380730,signatures,1864
175617,jforum3,1868
189819,s3-simple,1878
390902,tcx2nikeplus,1882
452700,maven-thrift-plugin,1882
311472,contactlist,1886
380941,JDoctest,1890
113276,java2wadl,1897
317106,i18n,1898
165889,cassandra,1899
372074,lib.umich.edu-solr-stuff,1908
248005,AndroidBigImage,1923
395191,dada,1944
390340,TPW,1944
191850,twetailerJ,1954
294457,JPS,1956
260902,ecj4ant,1958
447746,android-network-discovery,1964
189287,areenafeed,1967
314798,Test,1974
251478,S3WebUI,1982
328635,mino,1987
211250,groupfs,1992
167670,githubprojects,1995
338397,openengsb,2001
400791,android-autostarts,2005
202152,mirror,2008
381787,yaminesweeper,2010
169928,fitnesse-tutorials,2018
252458,dss,2031
318003,lombok.patcher,2044
285766,yaxim,2047
146217,flickr-downloader,2053
374302,aws-tasks,2060
383490,lljvm,2060
300393,Java-Roguelike,2061
215634,tiny-work,2077
205777,jsmaa,2079
318052,da.vidr.cc,2084
343470,ihaztehcodez,2113
452114,sandbox,2123
161180,jredis,2125
160507,abnf2regex,2134
316105,jtty,2144
373661,multiplexer-java,2147
150535,hex,2147
371822,droidworks-android-kitchensink,2149
302961,Echo-Basketball-Clock,2152
375806,Snailbucket-WEBAPP,2154
381284,Android-Persistance-App,2155
279978,fitnesse-ldap-authenticator,2159
178942,matis,2160
375522,Android-Persistance,2160
318591,guj.com.br,2167
354980,MultiplayerGame,2168
265090,eSee,2169
163373,jodt,2169
190985,WiseIO,2174
209281,ib-ruby,2175
343610,magic-procedures,2177
359334,simplenn,2193
339009,studio3-rcp,2198
166461,css-selectors,2216
403568,geodb,2223
363196,reevoomark-java-api,2226
129899,htmlcheck,2227
448751,happy-archive,2230
170680,vexed,2232
363849,signpost,2232
292432,jcombinatorics,2236
333348,linode-api,2240
299523,mock-resultset,2241
451356,BSBM-Local,2243
366637,plugin-FlogHelper,2249
182485,workmanship-oo,2250
293251,wave,2250
376975,epublib,2255
339528,ojdcheck,2260
401306,mmix,2261
282929,cwac-adapter,2271
428107,junit-interface,2273
243695,axpress-nlp,2273
183475,ultimate-roundtrip,2275
257507,ecommons-edb,2275
133027,peasycam,2276
379199,gremlin,2278
192564,QuakeInjector,2288
206694,BoneJ,2289
101474,cdkpcore,2292
119018,clojure-maven-plugin,2295
321938,jmxutils,2297
296938,sitemesh3,2303
453442,cwac-wakeful,2305
257772,cwac-merge,2307
385406,jruby-maven-plugins,2309
335218,gdv.xport,2311
256229,cwac-sacklist,2314
320690,Moo,2315
388607,Commons-Transaction-Spring-Integration,2318
271058,UploadChecker,2319
397012,xsd2thrift,2324
307538,makegood,2326
385016,JAVA_ISDS,2329
313577,CS-M41-Programming-in-Java,2336
237163,Iogi,2337
198799,Ushahidi_Android,2337
256245,cwac-endless,2340
437453,libxron,2341
151693,lifecounter,2348
369176,restfulie-java,2351
131122,wicket-stuff-markup-validator,2353
340200,CodeSmells,2356
158628,porextenso,2358
231397,jpasskeep,2361
366720,erjang,2364
360449,android-stopwatch,2372
384957,utils,2386
257508,rj-servi,2391
416272,robotium,2391
442343,gobandroid,2397
446756,misc,2399
343380,vorlesung-se2-dhbw,2403
300273,coordinate-transformation-library,2405
309013,JSR305CheckstylePlugin,2406
339284,gossip,2413
405341,Interval-Tree-Clocks,2416
372315,java-apns,2419
303526,PactrackDroid,2421
440372,wellynews,2424
248457,javautil,2431
231990,MetaMusic,2433
327472,OpenSpotLight,2442
307476,twilio-java,2443
172195,programmingchallenge,2443
360326,sdsai,2444
331792,gshell,2450
327391,parboiled,2450
132479,rfid-workshop-,2453
293812,gherkin2,2459
148176,directed-edge-bindings,2463
197312,openBibleViewer,2465
247823,wink,2466
340634,resty-gwt,2466
277280,fitnesse-teamcity,2468
273909,src,2474
260841,android-demos,2476
244599,sthlmtraveling,2487
322018,aries,2492
200121,constretto-core,2492
296658,TwelveMonkeys,2499
260510,plugin-Freereader,2525
287024,json,2528
272135,WebDomain-Info-Crawler,2534
264787,1xio,2536
255157,ads,2541
298328,jansi,2541
240361,zkclient,2548
236579,Mockey,2579
212769,Yaaic,2580
124295,hstempo_android,2581
132028,amazing,2585
172992,transcoder,2595
221862,lombok,2598
223355,wro4j,2599
340411,mididuino,2599
190294,jbasics,2601
176484,atomify,2606
109849,ftf,2628
109754,sqlite-dialect,2631
206459,avro,2636
155399,tuxftp,2640
104949,space_invaders,2648
213337,addis,2648
154520,vraptor,2658
152812,memcached-session-manager,2658
101527,keepassdroid,2677
103213,irccat,2693
219850,smsn,2700
206357,pig,2700
127173,javared,2701
206424,cassandra,2703
114387,couchdb-lucene,2705
128476,bndtools,2719
108050,mongo-java-driver,2752
